altura_cm,peso_kg,idade
171,69.9,76
184,54.4,53
193,77.6,27
172,73.9,52
184,101.3,60
152,86.1,54
190,73.9,69
159,33.6,21
179,76.3,61
183,59.6,45
160,92.1,34
167,76.6,80
171,73.6,65
173,100.7,77
183,90.2,18
152,68.0,76
170,101.2,22
165,40.4,76
155,83.6,33
183,92.3,42
153,73.8,22
170,76.5,63
144,46.4,47
155,44.8,45
169,56.1,50
171,79.6,19
173,79.9,62
159,47.1,30
143,94.1,28
147,48.8,24
168,41.1,26
156,94.2,46
180,74.2,80
163,95.6,47
124,61.3,23
188,93.4,28
144,47.8,69
162,77.3,67
184,104.4,53
146,72.0,74
164,98.5,56
182,86.2,61
161,89.9,44
177,48.1,33
154,38.2,61
152,61.6,49
168,52.0,41
166,55.8,63
190,75.6,56
193,89.0,44
190,106.8,23
173,113.0,33
185,72.0,32
168,50.4,51
174,74.3,50
162,82.4,49
191,93.9,23
191,111.9,63
148,72.7,26
184,70.3,46
175,53.4,58
185,60.0,59
146,69.3,18
175,91.2,39
174,83.4,74
156,31.940716046454817,63
181,95.8,29
187,81.1,34
165,73.2,73
207,70.9,52
178,73.4,75
200,89.4,61
162,44.7,44
152,52.5,67
175,104.0,60
181,91.9,65
173,74.7,43
194,79.9,70
146,61.8,59
152,83.0,22
180,71.8,32
194,107.9,43
167,92.5,79
183,92.2,31
170,65.2,69
150,66.1,53
144,55.8,58
189,62.8,70
183,76.6,26
172,88.7,47
186,105.0,37
185,61.2,59
176,96.7,53
161,72.6,66
196,83.9,59
179,76.2,27
158,49.4,47
175,76.5,71
147,59.3,73
174,76.5,25
184,101.9,21
170,65.5,29
152,82.8,58
181,106.7,34
164,79.0,44
190,93.5,56
173,82.2,59
174,43.1,52
171,71.2,34
168,69.9,67
154,50.8,35
136,55.5,51
167,67.8,77
166,81.2,40
159,79.5,60
151,48.0,20
171,56.2,29
189,81.0,72
170,84.3,73
166,93.0,28
133,71.1,45
181,88.9,46
168,68.6,70
158,69.8,66
168,71.6,50
174,92.8,66
156,56.0,74
157,76.7,26
161,62.2,23
155,92.5,80
180,83.2,58
185,83.0,77
159,59.7,29
176,76.2,43
181,78.3,79
189,120.3,74
200,110.4,52
166,69.6,47
199,114.7,71
177,97.1,44
186,92.7,33
174,91.5,42
174,75.1,74
188,96.7,39
166,78.7,62
152,57.7,50
177,97.6,26
178,78.4,18
156,50.5,50
186,108.4,22
162,77.7,70
174,69.3,42
165,115.4,42
170,60.7,69
170,73.2,21
142,57.3,34
174,83.7,76
161,81.4,73
159,69.7,27
176,71.5,59
173,95.4,55
169,74.6,52
169,96.1,47
142,33.13817857556695,78
168,59.0,70
155,44.8,78
162,56.4,63
163,61.0,55
162,75.3,62
179,86.9,66
181,63.3,24
213,87.8,71
162,57.6,60
176,52.0,39
144,62.0,25
169,86.0,25
161,69.4,57
189,65.7,50
164,68.5,43
187,91.6,21
162,63.3,54
175,79.7,49
188,91.8,61
167,65.3,78
157,65.8,70
156,74.6,37
157,69.3,33
157,53.8,38
147,47.2,42
161,84.8,76
176,106.1,41
167,63.6,24
179,54.4,50
184,118.6,27
183,81.0,39
188,94.2,68
173,76.4,39
180,111.0,18
172,63.5,61
183,105.0,74
168,93.2,52
162,86.4,53
167,91.9,65
178,57.0,56
154,74.9,49
177,79.3,72
184,104.5,21
136,59.4,60
192,70.5,32
165,61.7,25
165,30.209610339875123,46
153,64.7,51
185,96.7,45
172,71.4,66
162,79.5,55
151,64.1,69
162,64.6,26
157,62.6,54
187,116.3,49
180,80.6,74
194,91.7,20
196,65.8,64
190,98.7,27
160,75.1,55
179,68.3,71
178,60.7,71
196,80.1,48
172,71.3,59
187,101.7,45
190,114.2,66
159,65.0,56
154,67.9,49
150,85.5,42
188,76.1,48
167,79.9,56
173,82.8,58
166,57.5,44
179,72.9,71
160,68.5,65
174,74.6,23
174,72.0,26
160,88.4,60
156,39.0,77
182,91.9,69
167,80.1,55
150,66.1,30
156,60.1,36
140,77.3,19
154,95.2,79
175,98.5,34
154,73.5,38
179,90.8,80
157,67.9,72
191,90.5,39
153,88.0,44
180,88.3,25
180,80.0,60
166,52.1,75
185,91.4,33
177,95.5,30
191,80.5,56
179,59.1,22
152,64.5,61
198,75.9,60
191,88.7,60
174,66.9,57
134,63.5,39
158,95.6,18
204,93.0,46
177,68.3,45
155,54.9,55
188,100.9,39
166,59.8,30
152,48.5,77
177,84.6,45
181,84.1,57
166,55.2,26
164,86.7,32
168,71.1,31
168,66.2,64
186,86.7,79
145,50.1,79
184,48.8,71
161,68.0,66
176,77.2,18
164,79.0,57
164,66.4,31
198,87.8,74
179,88.7,51
179,76.4,53
183,90.5,25
177,71.6,78
186,87.2,45
180,72.6,53
160,78.7,33
171,88.9,30
187,66.0,74
174,89.5,33
168,64.4,30
177,77.7,31
171,62.1,30
150,86.4,47
167,95.1,66
180,77.5,53
155,75.8,78
156,62.8,74
136,46.5,62
170,96.7,22
172,56.6,23
156,48.4,29
155,84.5,22
160,66.9,24
172,64.6,80
197,89.2,44
158,66.3,66
186,101.5,26
164,80.8,20
159,62.6,58
197,86.4,46
172,64.7,22
158,79.7,28
147,56.3,27
165,62.1,24
163,59.2,54
159,68.6,66
172,80.6,48
161,77.7,26
169,95.0,28
166,95.1,77
176,71.4,30
151,63.9,24
186,51.4,74
142,49.1,63
152,62.5,78
181,67.8,21
151,86.2,63
182,72.8,76
156,74.1,53
159,67.0,27
155,67.8,71
184,75.6,74
167,90.3,23
192,102.3,46
155,45.4,31
196,81.4,47
180,108.6,38
116,36.6,58
158,31.2,35
170,64.1,78
176,80.2,38
171,86.3,27
185,87.2,26
160,71.9,59
169,72.1,52
200,83.4,66
180,58.8,61
164,83.8,71
181,86.3,67
176,74.4,28
152,40.2,45
180,92.1,39
162,87.4,28
165,48.4,58
168,71.5,58
165,45.1,61
163,62.6,27
211,79.4,30
170,68.7,60
158,33.3,63
179,106.8,69
151,85.0,29
158,91.0,71
204,91.4,18
153,80.9,27
179,74.4,26
189,84.3,22
155,64.1,55
164,70.7,74
193,59.1,54
178,73.2,24
157,59.0,66
159,79.8,78
170,84.5,30
154,48.0,70
156,60.2,36
152,48.4,64
183,93.2,52
181,71.5,73
144,64.0,69
174,54.2,61
175,67.5,32
137,35.3,51
176,81.9,75
163,70.7,45
161,63.3,25
181,65.2,23
166,70.2,22
176,85.9,33
176,68.1,20
171,74.6,66
169,59.9,78
151,70.5,61
183,81.7,69
177,101.1,27
177,82.2,54
168,65.0,25
162,60.8,21
166,74.4,74
192,79.4,71
191,102.2,67
177,76.7,44
171,72.0,65
164,88.3,76
180,89.1,61
171,51.8,67
181,96.8,69
179,75.7,20
158,81.8,19
161,72.9,38
179,67.2,43
180,90.2,55
166,80.0,55
197,106.0,59
168,70.6,79
174,67.7,69
204,87.8,48
168,58.9,67
163,69.2,62
183,87.6,43
158,70.1,71
153,80.5,57
189,99.6,48
154,55.7,24
174,80.2,42
171,67.4,43
171,78.0,74
159,60.5,51
176,75.3,21
144,74.3,22
169,86.6,67
167,75.0,41
164,51.2,53
185,85.5,46
177,91.0,61
155,68.8,33
176,80.2,55
178,106.8,50
158,52.1,77
147,52.2,75
186,96.9,45
156,85.2,21
191,82.4,35
211,122.1,55
167,79.5,30
185,94.4,19
165,69.6,37
141,57.5,52
146,70.8,24
151,48.4,61
194,101.4,26
150,62.4,49
189,103.8,73
154,51.1,41
160,70.8,21
188,92.2,28
172,48.5,19
158,74.6,22
182,107.9,78
163,80.5,49
161,62.4,38
183,85.8,69
189,70.7,22
183,62.1,21
182,114.3,62
183,61.8,27
142,49.5,27
146,45.4,45
159,55.1,41
196,84.5,53
184,77.9,24
177,88.6,47
163,84.7,66
163,55.7,52
154,54.0,39
169,81.3,78
177,76.4,19
158,65.7,30
167,54.7,60
141,62.2,57
155,73.7,42
197,81.6,67
179,40.0,27
155,46.8,25
194,71.9,71
168,72.8,71
159,85.3,76
198,75.6,62
165,71.8,45
151,49.5,19
181,60.0,70
168,55.6,28
161,70.7,51
153,69.4,32
180,66.4,55
162,61.0,79
185,86.4,20
187,76.0,57
182,78.5,53
164,112.8,22
155,67.3,66
183,86.7,37
196,67.2,51
161,58.0,45
168,68.0,61
184,71.0,36
180,94.1,63
161,80.1,57
167,105.2,27
183,84.9,53
174,111.7,78
179,79.9,23
155,82.4,40
193,86.2,46
160,90.4,66
156,78.8,63
172,60.3,31
206,52.5,66
159,44.1,42
139,73.2,26
166,67.1,27
176,66.2,73
180,69.9,20
153,62.9,21
183,84.1,66
186,88.3,67
153,44.0,65
169,91.6,49
178,76.8,30
198,86.0,61
169,64.7,43
183,91.5,56
177,82.2,37
191,63.1,27
196,63.8,73
158,83.6,40
165,67.4,61
168,60.8,59
169,79.7,69
185,91.3,78
163,67.9,26
159,75.9,39
156,54.1,78
186,80.0,45
190,85.9,33
196,71.3,55
190,68.3,36
191,84.7,71
179,85.8,31
159,87.2,19
170,52.8,22
158,56.9,43
167,62.6,78
180,62.0,74
151,69.1,80
181,84.5,40
173,66.6,60
159,57.1,39
179,86.2,44
174,102.9,59
189,86.4,35
143,94.8,36
179,87.5,72
153,55.1,68
164,81.2,20
170,71.7,63
163,65.7,72
166,70.7,19
175,44.5,22
180,84.2,76
190,61.9,77
169,84.6,33
166,90.1,34
183,70.2,73
171,56.7,80
174,108.7,67
169,78.5,29
171,91.0,29
171,82.4,51
179,53.5,34
167,85.8,50
180,68.7,32
198,68.1,24
190,100.6,66
176,78.7,60
163,54.6,65
161,52.8,64
201,83.6,57
168,99.0,45
179,76.6,37
169,80.5,61
165,64.2,59
177,84.6,77
180,77.1,18
190,100.8,36
170,66.0,38
188,91.0,19
184,90.8,71
169,55.3,59
191,69.6,47
156,78.4,19
155,56.5,61
135,81.6,18
173,68.6,55
166,70.4,64
175,63.1,79
175,94.0,70
160,75.9,45
177,95.9,36
141,37.1,72
171,74.7,50
171,70.4,59
171,81.4,60
178,63.6,30
152,43.7,37
131,64.9,43
181,83.1,33
158,77.2,43
178,67.5,25
177,44.6,40
144,79.5,31
180,89.6,30
175,67.8,18
182,87.6,47
144,53.0,36
184,98.1,63
179,70.2,68
190,104.3,51
174,65.6,51
189,80.2,36
163,76.5,57
169,73.5,31
143,54.3,62
147,47.3,59
167,57.6,44
155,69.4,43
189,71.6,73
169,75.1,35
176,85.9,57
169,55.3,44
173,95.8,27
187,114.5,78
161,87.5,78
157,50.8,38
175,70.1,33
163,58.0,65
180,77.0,35
156,70.0,80
183,83.7,30
174,92.5,26
196,67.8,65
130,67.1,64
202,103.0,46
168,90.9,71
177,95.7,29
167,67.4,60
180,59.2,23
137,33.13748088707692,78
198,90.4,25
171,70.5,32
169,54.6,72
202,113.0,66
166,64.4,37
176,57.8,51
190,82.9,30
158,65.3,71
161,98.5,77
172,90.6,51
182,67.3,39
154,68.6,58
190,75.8,27
170,70.5,56
161,49.2,52
177,68.9,76
167,117.3,62
145,63.0,28
174,78.6,68
142,71.3,36
168,67.0,22
147,61.6,79
157,68.0,22
159,89.9,55
179,64.8,77
201,95.9,63
157,92.3,30
195,83.8,69
157,73.9,68
171,90.2,76
190,100.5,69
189,83.6,20
185,54.5,45
169,75.5,78
190,113.1,78
139,62.2,27
144,72.0,76
171,92.7,55
163,95.3,42
210,94.2,56
159,54.9,53
162,66.3,57
174,63.5,63
159,74.7,60
177,91.9,29
152,46.9,69
187,94.8,69
160,53.6,23
156,75.9,39
175,78.4,59
169,63.3,57
171,95.1,45
184,52.1,63
159,34.16708742339856,76
164,97.7,55
193,78.6,79
216,134.8,80
190,77.8,59
191,112.1,64
134,33.3,80
169,88.6,37
163,87.7,55
166,69.8,53
214,76.0,61
177,83.7,30
173,83.6,27
182,62.2,25
178,74.3,46
153,79.2,77
146,89.8,18
174,78.1,40
171,107.1,18
144,81.1,23
166,64.6,69
168,73.4,79
173,77.6,51
181,75.8,72
187,68.9,60
166,61.5,55
158,50.9,47
162,60.3,50
179,102.2,21
161,81.2,45
173,59.7,42
170,95.3,57
166,78.7,60
181,84.1,59
171,94.5,35
188,100.6,29
163,82.4,62
149,37.5,38
149,67.0,51
173,91.0,53
176,63.7,23
166,64.2,33
196,76.8,49
182,77.3,20
169,88.4,46
177,84.3,34
147,75.0,60
150,73.4,36
178,71.6,58
169,67.8,54
153,68.9,48
132,45.6,58
153,78.4,69
183,91.4,45
181,83.3,37
195,88.3,34
166,55.6,71
193,87.1,52
134,44.1,42
185,81.1,61
206,94.6,63
187,98.5,24
170,86.2,22
159,54.3,72
183,91.5,40
151,80.0,57
154,77.6,71
181,105.6,54
183,103.0,19
151,58.1,41
155,85.1,51
193,73.4,59
180,107.0,37
177,40.9,63
196,101.8,46
184,88.1,20
127,36.3,63
166,98.9,38
147,75.4,34
194,97.5,46
207,104.4,56
166,86.7,39
156,54.0,22
190,98.5,53
159,78.2,32
190,90.3,30
181,83.5,59
208,99.9,33
169,97.2,60
169,88.9,35
182,93.2,71
194,79.5,34
169,121.3,51
170,69.7,39
168,61.4,66
144,33.551354008777224,66
161,73.3,67
189,91.5,57
152,81.7,40
173,52.5,24
180,71.7,33
172,75.8,21
170,45.0,50
166,64.2,68
193,87.9,78
167,69.2,33
188,86.7,72
175,61.6,61
173,66.1,44
163,59.7,61
179,74.6,45
160,49.0,51
156,53.9,61
171,76.1,29
163,71.3,61
177,98.3,66
185,63.5,59
165,54.3,68
172,93.5,74
173,66.1,75
154,48.2,48
188,101.5,62
169,87.9,65
180,75.7,56
159,70.0,40
152,70.7,64
147,59.3,18
172,56.6,75
161,68.7,24
162,80.0,42
179,86.9,48
175,80.7,20
154,30.468087871080776,53
160,60.3,74
188,97.9,40
174,65.9,57
216,82.7,18
180,82.3,79
173,65.6,48
191,77.5,65
170,85.6,22
177,68.5,21
193,96.4,28
168,85.5,23
158,70.7,24
170,91.7,57
187,76.8,53
160,91.2,44
178,96.2,24
153,62.2,64
190,89.7,24
140,53.7,29
196,63.8,76
147,44.5,73
182,64.9,45
162,72.8,23
158,90.3,18
168,95.4,78
168,71.6,40
157,73.4,24
186,109.3,54
191,74.2,43
162,65.6,67
195,62.9,35
159,75.1,66
164,61.9,69
177,71.7,66
181,106.5,63
191,101.3,42
149,65.4,45
187,72.8,59
161,66.3,55
181,61.2,49
173,82.3,25
159,49.2,33
179,67.2,67
172,83.7,62
229,130.9,63
172,51.5,52
155,74.8,26
165,77.5,55
157,68.6,65
149,67.6,51
167,68.0,78
142,69.9,45
177,82.0,71
169,94.3,66
167,62.2,23
149,47.8,73
158,32.83691940940723,79
175,89.9,62
171,84.2,72
177,57.1,71
166,82.5,30
156,73.8,66
178,103.9,80
151,89.0,71
188,80.7,38
174,87.6,63
143,86.1,59
189,86.7,65
176,90.7,38
169,60.7,47
171,101.5,76
160,60.2,76
172,100.6,43
164,49.5,53
195,86.6,76
161,60.2,37
167,54.9,62
145,50.6,19
161,89.8,64
188,99.0,50
156,73.4,46
166,70.5,53
160,86.9,22
166,79.3,39
189,89.9,48
179,70.4,44
142,75.7,59
167,89.1,56
155,85.5,28
199,73.9,79
167,84.7,57
158,65.6,46
151,54.7,46
178,66.6,45
152,70.4,52
175,74.0,77
176,92.5,38
148,49.3,29
156,58.0,21
188,99.5,31
155,72.8,60
162,72.4,20
181,98.6,41
167,68.3,54
170,81.6,19
172,64.7,36
134,44.4,51
154,65.0,33
180,100.2,52
185,78.6,46
162,47.8,45
150,86.1,61
143,54.3,22
164,53.8,44
140,69.3,32
175,86.3,48
163,85.2,22
185,81.7,76
168,57.7,57
165,94.7,47
188,98.4,45
161,61.4,41
177,74.9,29
176,80.2,41
205,72.4,38
168,94.2,63
179,99.2,51
157,68.0,68
152,53.1,70
156,81.3,33
177,103.0,19
179,78.3,41
169,69.8,24
170,85.3,57
172,76.5,66
179,61.3,36
171,67.1,52
167,57.4,23
187,90.3,68
178,66.0,37
174,81.7,55
164,69.0,64
181,99.3,68
160,72.2,59
171,56.6,21
187,98.9,32
171,57.0,54
181,63.1,43
169,44.7,40
155,53.7,76
135,61.5,67
175,79.3,70
190,72.4,36
162,73.8,67
180,93.4,77
183,92.1,33
183,80.2,58
159,73.1,56
175,66.6,77
145,74.3,47
176,94.7,64
144,67.9,40
175,83.2,41
158,72.5,60
189,49.8,43
161,76.5,30
173,72.7,56
158,57.4,69
183,52.9,57
193,84.3,39
163,86.5,48
158,64.4,47
180,94.7,74
149,71.2,20
132,33.088351991609024,68
188,100.2,70
170,80.4,65
153,72.3,50
190,77.5,34
167,63.5,72
177,74.4,39
182,67.6,80
179,62.1,21
171,85.3,57
168,81.3,40
177,78.0,26
151,55.8,30
154,86.9,32
147,33.1,18
169,68.8,67
169,90.8,76
180,91.4,65
177,79.6,70
173,73.2,66
161,69.3,42
144,59.0,61
177,50.2,49
178,88.4,20
164,57.3,29
188,86.8,71
161,75.6,37
168,69.0,42
157,87.7,50
176,56.2,72
156,56.9,56
160,84.8,67
164,67.1,53
167,74.7,80
151,50.9,66
146,87.1,55
171,85.1,79
160,87.4,48
172,89.7,76
181,76.2,48
178,55.4,34
166,90.8,30
181,57.1,41
145,64.6,54
171,58.9,62
195,85.5,43
142,86.7,31
177,48.6,76
168,84.5,57
180,58.4,77
175,46.1,25
170,84.8,55
168,84.9,59
170,79.5,32
130,65.4,37
169,50.1,63
186,79.6,28
149,59.1,49
141,82.5,75
161,70.7,50
171,80.7,56
157,94.5,31
190,92.0,54
192,78.6,55
156,73.8,76
170,89.4,31
157,70.7,40
148,51.8,42
169,80.7,80
157,49.6,67
167,67.8,60
171,83.1,78
167,74.2,59
163,55.5,21
163,79.5,52
172,70.0,24
149,96.2,40
151,51.4,30
171,67.1,29
169,88.1,53
158,84.2,72
168,78.2,52
170,83.5,61
184,72.6,45
167,83.3,69
180,59.6,34
169,90.6,67
189,103.6,18
173,59.5,19
195,94.8,47
186,71.2,30
183,90.9,42
174,60.1,22
162,44.1,19
137,61.3,74
151,70.4,77
186,103.4,49
188,75.3,37
197,84.0,32
192,77.7,49
174,85.5,49
159,66.8,48
165,95.1,23
186,51.3,64
152,47.4,23
157,78.3,24
152,64.0,21
141,74.8,44
190,111.0,30
168,97.7,25
168,87.6,77
172,77.8,36
173,54.2,28
176,79.1,76
150,74.3,32
160,73.9,52
168,67.2,61
179,65.1,51
170,75.6,78
150,76.4,52
172,64.6,36
159,76.4,66
190,63.5,65
165,52.4,75
174,61.7,80
161,77.5,53
178,55.2,63
176,80.2,45
171,63.7,26
180,87.5,22
180,92.7,21
149,68.4,55
169,50.5,61
163,71.0,62
179,91.3,49
178,70.8,33
181,67.3,58
166,55.9,25
167,72.8,72
175,77.9,41
183,73.8,80
157,47.4,36
197,65.9,55
158,81.9,64
129,51.9,63
172,83.1,71
151,34.3,53
173,100.2,44
181,114.5,27
165,72.3,36
166,56.5,40
146,51.1,71
148,76.9,70
193,97.9,78
174,84.6,64
134,68.8,28
152,87.8,38
177,89.9,30
167,61.6,30
184,83.9,36
170,73.9,72
152,55.8,36
163,48.2,31
164,82.3,25
174,68.2,48
149,65.9,80
189,86.1,30
161,66.5,77
144,61.5,54
176,78.8,56
165,80.8,59
169,61.2,46
166,68.1,39
127,39.7,20
164,98.5,57
181,60.2,36
152,60.5,70
189,87.6,60
157,64.6,21
184,83.8,34
190,114.6,27
173,83.4,20
171,59.3,50
164,77.7,80
172,53.9,45
180,59.6,32
154,33.5,19
176,80.6,58
152,41.6,61
162,61.5,31
158,93.0,22
188,66.7,55
161,44.7,22
150,48.9,75
155,58.0,40
185,77.7,72
172,96.1,33
182,82.5,41
197,73.3,74
172,83.2,31
144,79.8,30
165,51.1,75
180,76.4,28
209,79.0,42
189,57.3,24
169,62.7,54
172,80.9,19
191,116.8,23
158,34.51000733653849,74
174,60.0,32
148,62.1,78
146,80.9,20
148,56.4,42
154,84.7,53
158,71.5,65
181,71.0,45
166,57.0,18
202,98.2,52
184,79.2,51
175,55.0,45
179,97.2,78
198,79.4,45
168,63.7,60
165,86.9,63
169,71.9,35
183,67.2,48
166,80.8,59
170,64.7,53
164,81.0,71
160,79.5,46
179,73.2,33
132,68.8,27
163,67.2,52
182,91.6,44
155,43.5,33
156,67.7,22
200,94.4,48
171,62.1,53
183,77.4,78
127,64.2,51
167,74.2,57
135,79.8,70
181,84.3,73
179,81.0,51
163,46.5,41
149,62.5,28
148,60.2,73
180,73.3,71
152,78.9,25
171,75.8,64
177,81.6,29
193,111.4,57
166,58.2,79
160,83.6,19
187,106.5,51
158,72.7,33
201,86.9,61
152,88.0,61
173,54.8,64
139,34.41002885894558,58
173,64.0,35
161,58.9,30
175,75.3,39
160,89.1,38
151,68.8,20
178,59.5,52
176,78.5,47
160,70.0,39
165,71.5,42
170,84.1,62
171,52.9,41
145,30.2,76
158,66.7,46
196,89.9,40
155,49.5,55
181,92.4,39
202,111.5,21
154,70.2,56
171,71.9,46
164,68.6,48
180,73.2,42
157,70.7,63
164,83.0,79
162,75.1,60
169,54.3,78
140,65.0,70
191,82.0,50
188,91.9,28
158,77.5,50
197,75.4,74
182,111.1,27
184,72.9,21
197,91.5,67
186,92.7,26
203,113.4,38
170,102.4,24
200,70.3,30
185,105.0,27
155,64.9,24
157,64.3,77
184,83.5,56
171,92.3,73
170,83.9,49
178,55.2,78
175,90.6,48
157,77.8,20
138,75.4,53
173,59.3,52
168,81.2,32
141,78.4,26
180,73.1,34
179,91.6,43
199,94.6,48
166,97.6,35
156,68.9,57
152,72.5,28
166,79.5,54
140,38.6,19
174,68.0,33
157,108.3,20
171,61.3,20
157,50.2,42
180,92.9,53
196,90.5,58
173,83.8,52
160,70.3,38
170,106.0,57
185,89.4,34
172,91.1,23
166,58.4,67
177,74.1,42
173,88.0,73
183,79.9,27
193,97.4,38
175,70.5,25
168,38.1,76
181,97.8,37
160,50.5,26
164,65.3,34
184,72.4,61
172,59.0,69
181,78.1,66
144,67.6,42
172,70.3,55
179,119.4,29
150,37.8,78
193,76.7,52
181,63.5,28
184,100.1,26
162,69.3,22
197,92.2,65
169,76.9,77
187,104.1,51
186,88.4,42
174,52.5,55
173,67.2,61
176,77.3,68
178,69.5,52
175,83.8,45
175,64.1,74
164,64.8,73
171,74.3,80
151,70.3,28
154,71.0,60
183,91.8,38
145,51.3,21
174,79.9,63
180,82.7,38
183,83.7,23
139,85.0,65
172,83.0,68
181,97.0,63
195,108.1,33
174,51.1,66
184,77.7,18
164,89.1,35
172,94.5,25
167,84.8,53
179,77.0,24
205,83.2,23
165,58.0,46
182,61.5,65
182,94.2,75
177,71.0,36
174,93.1,39
176,105.9,69
162,101.5,42
166,71.7,72
186,74.1,19
155,84.3,62
180,74.4,34
206,114.5,20
185,82.5,52
164,85.0,73
200,81.5,43
157,42.9,74
187,67.3,46
182,94.0,56
158,50.4,73
159,73.9,23
171,116.5,29
176,86.1,80
162,91.4,77
169,53.5,73
157,78.3,25
202,118.2,62
174,90.1,80
168,62.3,54
193,85.8,23
171,83.1,19
134,50.5,74
165,64.8,31
158,59.1,47
155,58.8,37
158,67.3,47
167,106.5,66
138,76.9,55
149,79.9,66
171,95.8,72
167,63.2,18
182,91.8,24
192,85.4,59
181,64.2,37
151,67.2,59
147,75.5,68
165,85.0,51
160,60.0,22
193,74.4,50
175,117.5,65
163,93.9,68
183,88.2,23
159,97.0,59
183,89.5,51
183,78.0,46
176,67.5,57
183,95.3,28
148,71.0,45
184,72.5,33
159,98.9,53
185,67.5,57
179,60.3,19
161,79.2,69
162,100.8,65
166,73.8,69
161,61.4,42
150,66.3,24
174,71.4,55
185,96.0,24
185,82.8,54
165,100.9,39
187,71.2,45
174,85.6,24
164,80.3,76
170,77.5,74
189,82.6,24
181,62.1,71
197,92.4,32
190,76.9,41
161,92.5,68
199,96.2,21
186,67.2,64
174,94.6,27
176,73.3,72
154,50.1,28
153,83.5,39
182,72.0,30
174,50.6,79
152,94.7,54
177,90.5,61
163,81.8,61
161,96.4,19
196,80.0,48
156,64.8,31
159,92.8,18
162,47.1,47
157,80.3,67
174,94.0,63
155,31.312814883105233,73
134,49.2,24
175,57.4,55
196,87.0,28
162,79.9,28
202,86.1,29
165,55.3,60
170,91.2,68
168,90.6,57
204,117.4,42
151,57.1,54
156,52.5,31
162,61.9,79
188,69.9,72
187,84.6,18
176,97.8,32
184,77.4,50
163,69.0,39
167,38.6,25
163,60.7,53
173,70.7,46
154,115.4,59
144,58.3,71
179,90.9,19
166,79.7,59
173,96.6,26
166,98.9,37
174,66.5,22
152,54.8,22
183,64.1,46
148,46.1,43
205,102.1,71
178,94.0,43
178,112.9,74
169,72.0,44
151,67.7,28
145,54.6,72
177,96.2,67
155,51.0,44
167,82.7,72
171,71.3,23
176,53.3,38
164,52.6,57
176,82.6,64
147,35.0,24
179,92.8,34
170,96.9,64
170,80.2,60
172,55.4,30
159,59.6,79
169,72.9,61
162,87.4,75
141,38.6,61
154,77.6,48
167,80.4,56
168,70.4,35
152,83.7,79
159,68.4,31
165,60.5,64
179,76.8,60
157,82.9,53
179,90.8,53
176,56.0,43
176,73.0,68
148,70.3,74
156,63.0,68
160,65.3,32
179,61.8,55
162,77.3,30
163,87.2,34
164,106.5,66
150,65.6,18
160,102.8,66
171,93.0,76
164,75.7,57
168,63.5,80
192,75.7,19
169,53.8,26
186,85.0,76
161,59.0,58
157,58.5,76
153,46.4,39
173,77.5,62
178,62.3,27
174,82.0,76
178,72.1,32
180,72.6,71
199,84.9,33
178,106.4,59
160,32.48210228555377,60
198,73.2,42
147,106.3,64
165,97.9,73
146,75.3,41
145,64.0,22
184,70.2,35
182,66.0,68
176,82.5,62
168,85.9,49
168,99.7,61
173,92.5,52
189,99.2,77
183,83.2,20
179,100.2,33
161,111.5,63
153,67.0,37
158,69.7,20
153,51.8,28
188,90.0,77
170,94.7,75
186,70.6,30
171,107.0,79
159,71.6,46
155,70.3,62
180,73.9,36
159,57.1,53
140,37.5,77
196,88.0,74
164,49.6,34
166,82.8,36
165,80.8,73
160,53.3,63
171,81.2,27
176,82.3,25
118,34.68387106811002,34
200,84.4,77
151,53.2,25
184,47.4,54
176,69.0,60
172,89.4,72
152,47.2,39
156,67.8,22
146,67.2,21
190,51.6,53
146,49.1,30
164,54.0,56
160,54.2,50
174,55.8,47
170,80.8,63
189,63.3,44
161,86.7,21
168,77.8,48
185,66.7,35
157,80.1,47
179,71.5,32
162,91.6,34
171,88.6,39
140,83.6,32
152,55.3,61
169,92.1,41
167,42.8,47
177,70.9,20
194,84.5,23
136,86.6,26
167,66.8,34
163,81.0,36
167,64.3,40
174,72.6,23
167,62.2,41
192,108.0,57
199,82.4,73
180,84.8,76
167,83.5,74
174,81.1,55
165,76.1,44
164,95.0,43
166,85.3,42
184,84.3,49
184,65.9,34
189,64.1,19
152,30.506347185691553,49
167,48.0,76
152,36.1,35
160,51.2,19
188,50.3,68
149,77.6,74
185,70.0,76
184,79.2,56
158,74.7,31
185,73.7,46
138,66.8,54
167,59.2,50
194,93.5,42
176,88.5,64
183,54.0,70
175,83.6,72
189,80.2,79
180,57.9,47
175,76.5,45
180,79.1,74
182,88.0,43
174,101.5,32
173,87.4,69
189,75.6,74
147,47.8,41
178,77.8,66
168,76.9,36
191,69.2,18
167,56.4,72
162,73.5,74
157,89.3,24
176,90.4,72
184,99.6,22
163,100.5,78
150,68.4,30
162,106.8,51
191,76.2,73
156,88.7,65
175,70.1,64
184,89.4,26
187,86.7,26
172,63.3,69
189,75.8,39
152,69.7,56
177,82.1,18
170,63.1,74
174,77.6,44
164,90.5,54
142,55.4,19
180,69.4,72
196,62.5,36
194,74.3,49
159,84.4,66
182,52.5,67
183,83.3,52
184,105.6,67
166,52.3,60
175,92.2,38
181,78.3,33
187,99.2,26
155,70.2,73
160,55.7,24
156,35.7,27
150,70.2,55
182,82.9,75
158,95.8,69
178,61.7,71
165,65.9,65
173,88.4,24
172,55.4,21
163,79.3,36
160,98.0,46
188,86.0,36
146,61.9,70
156,73.7,48
154,77.5,57
189,106.9,68
201,82.6,46
141,72.3,38
169,81.9,40
172,106.1,65
184,74.4,39
176,75.6,48
150,36.6,25
144,52.2,28
160,81.8,80
131,70.8,28
167,55.8,51
160,72.3,19
169,77.0,48
165,83.7,78
208,96.6,23
170,86.4,40
165,73.4,45
144,66.2,27
139,43.5,75
200,99.1,22
149,43.7,23
150,48.3,44
164,89.0,27
159,63.0,53
176,61.9,66
167,59.3,61
163,71.5,79
183,89.4,59
165,61.4,58
175,95.5,73
162,87.1,31
162,102.2,50
168,72.8,38
153,85.0,24
204,86.6,53
177,88.6,40
165,96.6,34
180,72.2,72
157,79.7,29
153,40.1,80
199,85.6,75
183,84.3,47
190,83.1,20
172,76.5,69
172,66.2,53
179,77.2,34
183,76.5,60
208,102.1,56
151,55.0,78
179,75.8,78
168,87.3,35
195,86.9,41
160,101.8,20
168,94.5,75
175,107.2,65
173,59.2,53
156,67.7,68
203,88.3,42
163,62.8,68
166,68.7,75
177,70.3,52
173,98.9,60
158,44.1,42
167,83.7,34
167,75.0,26
183,83.8,35
180,75.5,22
149,43.5,65
179,60.5,78
157,76.5,19
164,97.5,21
151,74.3,40
156,92.0,71
169,81.1,27
180,87.7,67
162,74.9,79
161,73.7,35
155,65.9,80
187,109.4,52
161,48.3,43
192,118.8,41
167,73.8,58
166,92.8,78
153,84.6,24
166,71.2,67
166,68.8,75
155,77.4,57
155,64.9,39
194,86.0,62
155,50.4,45
201,121.6,79
165,64.1,52
146,64.0,29
160,63.7,46
181,91.7,66
140,59.5,74
160,73.1,19
160,75.9,66
158,63.4,49
178,74.8,62
160,79.0,36
189,101.9,80
162,61.4,53
136,60.0,80
159,64.9,42
180,51.9,21
184,99.1,69
155,77.2,57
167,52.2,76
182,91.2,45
167,83.7,79
182,66.0,56
169,69.8,66
160,48.7,42
184,107.4,66
199,97.3,74
182,57.8,79
177,50.8,29
182,105.2,33
180,73.5,59
170,58.5,27
155,66.2,43
186,94.3,60
183,94.1,36
171,84.9,29
179,67.1,68
170,74.4,72
206,91.7,58
171,84.5,47
148,51.5,63
183,86.3,32
168,43.1,76
153,65.8,50
181,71.9,69
170,89.7,65
163,76.9,78
148,91.0,28
158,38.6,68
178,60.8,39
169,52.3,58
156,46.3,21
167,83.1,67
174,89.7,49
151,55.9,71
149,73.3,56
196,80.5,18
156,54.0,54
153,47.1,50
159,51.4,23
177,69.1,48
174,77.1,36
151,65.1,20
170,47.6,52
171,82.8,23
175,81.5,71
196,103.9,79
161,76.6,63
183,85.4,25
173,53.6,31
200,74.1,34
171,84.7,56
170,78.9,25
180,64.3,19
185,82.2,68
145,31.86973785434286,52
154,52.1,76
162,63.6,50
185,84.1,62
158,65.6,58
153,48.6,40
157,65.7,78
182,84.7,42
154,65.5,38
155,91.9,53
167,64.2,37
182,70.1,34
170,93.0,40
164,107.2,56
145,77.5,47
160,44.3,30
171,101.6,76
186,78.2,80
180,74.4,45
175,73.8,41
152,68.1,51
175,67.7,32
167,51.7,55
156,68.3,19
179,67.7,42
153,82.9,50
185,60.7,41
162,80.3,47
175,77.4,47
172,77.3,25
162,74.0,45
169,66.5,31
158,58.4,26
170,89.9,75
147,77.3,58
178,99.3,42
170,69.8,52
190,89.0,25
159,56.7,71
165,70.1,70
161,72.6,60
187,62.9,37
170,54.9,64
176,76.8,40
189,95.1,45
173,55.1,41
149,82.3,75
167,56.4,36
182,68.1,56
172,59.1,74
170,82.5,21
177,83.5,43
160,53.9,68
171,65.1,77
160,84.2,70
190,93.5,63
198,106.5,42
171,82.1,57
162,73.5,62
204,99.1,44
184,98.9,19
184,111.3,18
204,78.7,64
187,82.6,75
177,71.1,48
184,103.5,24
178,74.7,19
148,66.0,59
165,89.8,75
171,73.8,50
182,68.8,35
174,103.5,65
169,60.9,48
188,92.6,19
173,72.7,76
152,69.7,31
201,77.8,40
185,75.0,37
168,78.9,26
163,47.2,42
163,70.5,31
176,85.4,54
197,99.9,22
179,88.2,44
175,92.0,32
